-- --------------------------------------------------------
-- 호스트:                          172.30.1.12
-- 서버 버전:                        12.1.2-MariaDB - MariaDB Server
-- 서버 OS:                        Win64
-- HeidiSQL 버전:                  12.11.0.7065
-- --------------------------------------------------------

/*!40101 SET @OLD_CHARACTER_SET_CLIENT=@@CHARACTER_SET_CLIENT */;
/*!40101 SET NAMES utf8 */;
/*!50503 SET NAMES utf8mb4 */;
/*!40103 SET @OLD_TIME_ZONE=@@TIME_ZONE */;
/*!40103 SET TIME_ZONE='+00:00' */;
/*!40014 SET @OLD_FOREIGN_KEY_CHECKS=@@FOREIGN_KEY_CHECKS, FOREIGN_KEY_CHECKS=0 */;
/*!40101 SET @OLD_SQL_MODE=@@SQL_MODE, SQL_MODE='NO_AUTO_VALUE_ON_ZERO' */;
/*!40111 SET @OLD_SQL_NOTES=@@SQL_NOTES, SQL_NOTES=0 */;


-- baemin 데이터베이스 구조 내보내기
CREATE DATABASE IF NOT EXISTS `baemin` /*!40100 DEFAULT CHARACTER SET utf8mb4 COLLATE utf8mb4_uca1400_ai_ci */;
USE `baemin`;

-- 테이블 baemin.chat_messages 구조 내보내기
CREATE TABLE IF NOT EXISTS `chat_messages` (
  `id` int(11) NOT NULL AUTO_INCREMENT,
  `username` varchar(50) NOT NULL,
  `message` text NOT NULL,
  `created_at` timestamp NULL DEFAULT current_timestamp(),
  PRIMARY KEY (`id`)
) ENGINE=InnoDB AUTO_INCREMENT=21 DEFAULT CHARSET=utf8mb4 COLLATE=utf8mb4_uca1400_ai_ci;

-- 테이블 데이터 baemin.chat_messages:~20 rows (대략적) 내보내기
INSERT INTO `chat_messages` (`id`, `username`, `message`, `created_at`) VALUES
	(1, '금경훈', '안녕하세요', '2026-01-29 06:41:29'),
	(2, '익명', '아~', '2026-01-29 06:41:29'),
	(3, '금경훈', '안녕하세여 ^^^', '2026-01-29 06:41:32'),
	(4, '익명', '하이', '2026-01-29 06:41:36'),
	(5, '금경훈', '마ㅣㄴㅇ리만어', '2026-01-29 06:41:37'),
	(6, '익명', '하이', '2026-01-29 07:28:07'),
	(7, '익명', '하이', '2026-01-29 07:28:08'),
	(8, '익명', '하이', '2026-01-29 07:28:08'),
	(9, '익명', '너가 주문해라', '2026-01-29 07:28:32'),
	(10, '🎲 룰렛봇', '🎉 [룰렛 결과] **한솥도시락 대구알파시티점** 당첨자: **ㅠㅌㅊ츄**님 축하합니다! (심부름 잘 다녀오세요~ 🏃)', '2026-01-29 07:40:23'),
	(11, '🎲 룰렛봇', '🎉 [룰렛 결과] **한솥도시락 대구알파시티점** 당첨자: **ㅠㅌㅊ츄**님 축하합니다! (심부름 잘 다녀오세요~ 🏃)', '2026-01-29 07:40:34'),
	(12, '🎲 룰렛봇', '🎉 [룰렛 결과] **롯데리아 대구스타디움점** 당첨자: **ㅇㄴㄴㅇㄹ**님 축하합니다! (심부름 잘 다녀오세요~ 🏃)', '2026-01-29 07:40:40'),
	(13, '익명', 'ㅇ러어ㅏㄹ', '2026-01-29 07:44:20'),
	(14, '김기석', '나 김기석인데', '2026-01-29 07:44:28'),
	(15, '금경훈', '금경훈 바보', '2026-01-29 07:44:36'),
	(16, '🎲 룰렛봇', '🎉 [룰렛 결과] **맥도날드 대구시지DT점** 당첨자: **ㅇㄹㅇㄹ**님 축하합니다! (심부름 잘 다녀오세요~ 🏃)', '2026-01-29 07:44:48'),
	(17, '채팅창관리자', 'ㅇ', '2026-01-30 00:07:25'),
	(18, '채팅창관리자', 'ㅁㄴㄹㄻㄴㅇ', '2026-01-30 00:07:27'),
	(19, '룰.렛.봇', '오늘 점심은 ㅁㄴㅇㄹ 님이 쏘세요', '2026-01-30 00:08:22'),
	(20, 'dummy data', 'this message is auto-generated dummy message data for testing purpose', '2026-01-30 00:09:27');

-- 테이블 baemin.menus 구조 내보내기
CREATE TABLE IF NOT EXISTS `menus` (
  `id` int(11) NOT NULL AUTO_INCREMENT,
  `store_id` int(11) NOT NULL,
  `menu_name` varchar(255) NOT NULL,
  `price` int(11) NOT NULL,
  PRIMARY KEY (`id`),
  KEY `fk_store` (`store_id`),
  KEY `menu_name` (`menu_name`),
  CONSTRAINT `fk_store` FOREIGN KEY (`store_id`) REFERENCES `stores` (`id`) ON DELETE CASCADE
) ENGINE=InnoDB AUTO_INCREMENT=97 DEFAULT CHARSET=utf8mb4 COLLATE=utf8mb4_uca1400_ai_ci;

-- 테이블 데이터 baemin.menus:~90 rows (대략적) 내보내기
INSERT INTO `menus` (`id`, `store_id`, `menu_name`, `price`) VALUES
	(4, 5, '엽기메뉴', 14000),
	(5, 5, '로제메뉴', 16000),
	(8, 6, '맥크리스피 마라 해쉬', 9200),
	(9, 8, '순대국밥', 9000),
	(10, 5, '엽기닭볶음탕', 24000),
	(11, 9, '(BEST)돈까스도련님 고기고기', 8100),
	(12, 9, '치킨마요', 4700),
	(13, 9, '실속세트', 17500),
	(14, 5, '마라로제떡볶이', 18000),
	(15, 9, '코카콜라 355ml', 1900),
	(16, 9, '펩시제로(라임) 355ml', 1900),
	(17, 9, '해바라기 도시락', 11100),
	(18, 8, '팔도국밥(돼지국밥)', 9000),
	(19, 8, '섞어국밥', 9500),
	(20, 8, '매운신국밥', 9500),
	(21, 8, '황태콩나물해장국', 9000),
	(22, 6, '상하이 치킨 스낵랩', 4300),
	(23, 6, '불고기버거', 4400),
	(24, 6, '빅맥', 6300),
	(25, 6, '1955버거', 7200),
	(26, 7, '간짜장', 7500),
	(27, 7, '짬뽕', 7500),
	(28, 7, '짜장면', 6500),
	(29, 10, '매콤항정살 덮밥', 13900),
	(30, 10, '스테이크동', 14400),
	(31, 10, '알콩달콩 커플 세트', 22900),
	(32, 10, '항정살구이 덮밥', 13900),
	(33, 10, '매콤제육덮밥', 13400),
	(34, 11, '찐한 아메리카노ML(HOT)', 2300),
	(35, 11, '찐한 아메리카노ML(ICE)', 2400),
	(36, 11, '찐한 아메리카노1L(ICE)', 3400),
	(37, 11, '바닐라라떼ML(HOT) ', 4000),
	(38, 11, '바닐라라떼ML(ICE) ', 4000),
	(39, 11, '바닐라라떼1L(ICE) ', 5000),
	(40, 11, '리터스트(파니니토스트)', 3800),
	(41, 11, '컵떡볶이', 4100),
	(42, 14, '(단품)삼겹 김치찜', 23900),
	(43, 14, '1인 세트(1인 김치찜+공기밥1+김1)', 16000),
	(44, 12, '모짜렐라버거 토마토바질', 9900),
	(45, 14, '1인 단품(김치찜만)', 14500),
	(46, 12, '김치불고기버거', 7300),
	(47, 12, '더블 클래식치즈버거', 8000),
	(48, 12, '한우불고기버거', 9800),
	(49, 12, '핫크리스피치킨버거', 7000),
	(50, 17, '아메리카노', 2300),
	(51, 17, '박사', 3500),
	(52, 17, '복숭아아이스티', 3500),
	(53, 16, '순살달찜.소(2인분)', 24000),
	(54, 17, '녹꿀(꿀녹차)', 3500),
	(55, 17, '오리지널 소금빵', 3500),
	(56, 18, '빅 아메리카노', 2500),
	(57, 18, '복숭아 아이스티', 3500),
	(58, 18, '바닐라라떼', 4000),
	(59, 18, '쿠키프라페', 4700),
	(60, 18, '초코라떼', 4000),
	(61, 19, '오리지널2샷아메리카노:)', 2500),
	(62, 19, '바닐라라떼:)', 4300),
	(63, 19, '헤이즐넛향원두 아메리카노:)', 3000),
	(64, 19, '1리터4샷아메리카노:)', 4000),
	(65, 19, '카페라떼 오리지널:)', 4000),
	(66, 20, '간짜장', 7500),
	(67, 20, '짜장면', 6500),
	(68, 20, '짬뽕', 7500),
	(69, 20, '차돌박이짬뽕', 10000),
	(70, 20, '탕수육', 26000),
	(71, 21, '육미짜장면', 6500),
	(72, 21, '육미후라이간짜장', 8000),
	(73, 21, '짬뽕', 8000),
	(74, 21, '광주식 짬짜면', 10000),
	(75, 21, '미니탕수육', 15000),
	(76, 22, '[로제] 떡볶이', 13900),
	(77, 22, '[삼첩] 떡볶이', 11900),
	(78, 22, '모둠튀김 A', 4500),
	(79, 22, '모둠튀김 B', 6500),
	(80, 22, '(삼첩분식) 감자폭탄', 3500),
	(81, 23, '신전떡볶이', 4000),
	(82, 23, '로제떡볶이', 6000),
	(83, 23, '치즈떡볶이', 6000),
	(84, 23, '참치마요김밥', 3000),
	(85, 23, '김말이(3개)', 1700),
	(86, 24, '김치찜', 10100),
	(87, 24, '김치찌개', 10000),
	(88, 24, '오미자두루치기', 13000),
	(89, 24, '차돌된장찌개', 10000),
	(90, 24, '공기밥', 1000),
	(91, 25, '프랭크버거', 5900),
	(92, 25, '쉬림프버거', 6300),
	(93, 25, 'K불고기버거', 5500),
	(94, 25, '치즈버거', 6800),
	(95, 25, 'JG버거', 10200);

-- 테이블 baemin.orders 구조 내보내기
CREATE TABLE IF NOT EXISTS `orders` (
  `id` int(11) NOT NULL AUTO_INCREMENT,
  `eater_name` varchar(50) NOT NULL,
  `store_id` int(11) NOT NULL,
  `menu_id` int(11) NOT NULL,
  `store_name` varchar(255) NOT NULL,
  `menu_name` varchar(255) NOT NULL,
  `price` int(11) NOT NULL,
  `quantity` int(11) DEFAULT 1,
  `created_at` timestamp NULL DEFAULT current_timestamp(),
  PRIMARY KEY (`id`),
  KEY `FK_orders_stores` (`store_name`),
  KEY `FK_orders_menus` (`menu_name`),
  KEY `FK_orders_stores_id` (`store_id`),
  KEY `FK_orders_menus_id` (`menu_id`),
  CONSTRAINT `FK_orders_menus_id` FOREIGN KEY (`menu_id`) REFERENCES `menus` (`id`) ON DELETE CASCADE,
  CONSTRAINT `FK_orders_stores_id` FOREIGN KEY (`store_id`) REFERENCES `stores` (`id`) ON DELETE CASCADE
) ENGINE=InnoDB AUTO_INCREMENT=21 DEFAULT CHARSET=utf8mb4 COLLATE=utf8mb4_uca1400_ai_ci;

-- 테이블 데이터 baemin.orders:~13 rows (대략적) 내보내기
INSERT INTO `orders` (`id`, `eater_name`, `store_id`, `menu_id`, `store_name`, `menu_name`, `price`, `quantity`, `created_at`) VALUES
	(1, '1', 6, 8, '맥도날드 대구시지DT점', '맥크리스피 마라 해쉬', 9200, 2, '2026-01-29 07:48:58'),
	(2, '22', 11, 34, '더리터 펜타힐즈점', '찐한 아메리카노ML(HOT)', 2300, 8, '2026-01-29 07:49:07'),
	(3, '333', 8, 19, '팔도국밥 알파시티점', '섞어국밥', 9500, 10, '2026-01-29 07:49:17'),
	(4, '4444', 6, 8, '맥도날드 대구시지DT점', '맥크리스피 마라 해쉬', 9200, 3, '2026-01-29 07:49:30'),
	(5, '55555', 5, 4, '동대문엽기떡볶이 대구시지점', '엽기메뉴', 14000, 2, '2026-01-29 07:59:14'),
	(6, 'hh', 20, 26, '상해', '간짜장', 7500, 1, '2026-01-29 08:13:44'),
	(7, 'hh', 20, 27, '상해', '짬뽕', 7500, 1, '2026-01-29 08:13:54'),
	(8, 'j', 16, 53, '달인의 찜닭 본점', '순살달찜.소(2인분)', 24000, 10, '2026-01-29 08:22:44'),
	(10, 'jh', 11, 34, '더리터 펜타힐즈점', '찐한 아메리카노ML(HOT)', 2300, 1, '2026-01-29 08:24:59'),
	(13, 'asdf', 5, 10, '동대문엽기떡볶이 대구시지점', '엽기닭볶음탕', 24000, 1, '2026-01-29 08:26:18'),
	(14, 'asdf', 6, 25, '맥도날드 대구시지DT점', '1955버거', 7200, 8, '2026-01-29 08:26:59'),
	(17, 'zxcvb', 14, 42, '김치찜은 못참지 경산점', '(단품)삼겹 김치찜', 23900, 1, '2026-01-29 08:28:53'),
	(18, 'asdf', 21, 74, '삼국지', '광주식 짬짜면', 10000, 5, '2026-01-29 08:29:18');

-- 테이블 baemin.stores 구조 내보내기
CREATE TABLE IF NOT EXISTS `stores` (
  `id` int(11) NOT NULL AUTO_INCREMENT,
  `name` varchar(255) NOT NULL,
  `category` enum('패스트푸드','카페·디저트','한식','찜·탕','분식','중식','돈까스·회','피자','치킨','양식','고기','아시안','족발·보쌈') DEFAULT NULL,
  `rating` decimal(2,1) DEFAULT 0.0,
  `min_order_amount` int(11) DEFAULT 0,
  `working_days` varchar(255) DEFAULT NULL,
  `open_time` varchar(10) DEFAULT NULL,
  `close_time` varchar(10) DEFAULT NULL,
  `created_at` timestamp NULL DEFAULT current_timestamp(),
  PRIMARY KEY (`id`),
  KEY `name` (`name`)
) ENGINE=InnoDB AUTO_INCREMENT=26 DEFAULT CHARSET=utf8mb4 COLLATE=utf8mb4_uca1400_ai_ci;

-- 테이블 데이터 baemin.stores:~19 rows (대략적) 내보내기
INSERT INTO `stores` (`id`, `name`, `category`, `rating`, `min_order_amount`, `working_days`, `open_time`, `close_time`, `created_at`) VALUES
	(5, '동대문엽기떡볶이 대구시지점', '분식', 4.9, 14000, '월, 화, 수, 목, 금, 토, 일', '10:00', '23:45', '2026-01-29 04:36:04'),
	(6, '맥도날드 대구시지DT점', '패스트푸드', 4.4, 14000, '월, 화, 수, 목, 금, 토, 일', '09:00', '23:59', '2026-01-29 04:36:05'),
	(7, '진시황', '중식', 5.0, 15000, '월, 화, 수, 목, 금', '08:45', '20:00', '2026-01-29 04:36:54'),
	(8, '팔도국밥 알파시티점', '한식', 5.0, 18000, '월, 화, 수, 목, 금', '11:00', '22:00', '2026-01-29 04:39:46'),
	(9, '한솥도시락 대구알파시티점', '한식', 4.9, 12000, '월, 화, 수, 목, 금, 토, 일', '09:00', '20:30', '2026-01-29 04:42:54'),
	(10, '배고픈덮밥이 시지점', '한식', 5.0, 6000, '월, 화, 수, 목, 금, 토, 일', '11:00', '23:30', '2026-01-29 04:54:00'),
	(11, '더리터 펜타힐즈점', '카페·디저트', 5.0, 12900, '월, 화, 수, 목, 금', '06:30', '23:15', '2026-01-29 05:10:45'),
	(12, '롯데리아 대구스타디움점', '패스트푸드', 4.5, 12000, '월, 화, 수, 목, 금', '10:00', '22:00', '2026-01-29 05:14:40'),
	(14, '김치찜은 못참지 경산점', '찜·탕', 5.0, 9900, '월, 화, 수, 목, 금, 토, 일', '00:00', '23:59', '2026-01-29 05:14:53'),
	(16, '달인의 찜닭 본점', '찜·탕', 5.0, 15000, '월, 화, 목, 금, 토, 일', '11:00', '21:30', '2026-01-29 05:19:44'),
	(17, '마실커피 알파시티점', '카페·디저트', 4.9, 12000, '월, 화, 수, 목, 금, 토, 일', '09:30', '21:00', '2026-01-29 05:20:13'),
	(18, '카페봄봄 알파시티점', '카페·디저트', 4.5, 11000, '월, 화, 수, 목, 금', '09:00', '21:00', '2026-01-29 05:22:46'),
	(19, '캔버스 신매점', '카페·디저트', 4.5, 12000, '월, 화, 수, 목, 금, 토, 일', '08:00', '22:30', '2026-01-29 05:25:04'),
	(20, '상해', '중식', 4.9, 15000, '화, 수, 목, 금, 토, 일', '10:00', '20:00', '2026-01-29 05:44:25'),
	(21, '삼국지', '중식', 5.0, 15000, '월, 화, 수, 목, 금, 토, 일', '09:30', '20:00', '2026-01-29 05:46:47'),
	(22, '삼첩분식 시지점', '분식', 4.9, 14800, '월, 화, 수, 목, 금, 토, 일', '09:00', '21:00', '2026-01-29 05:49:16'),
	(23, '신전떡볶이 시지광장점', '분식', 4.5, 14000, '월, 화, 수, 목, 금, 토, 일', '10:30', '22:00', '2026-01-29 05:52:09'),
	(24, '성서한옥집김치찜 시지점', '찜·탕', 4.5, 12000, '월, 화, 수, 목, 금, 토, 일', '09:00', '20:00', '2026-01-29 05:56:24'),
	(25, '프랭크버거 대구고산알파시티점', '패스트푸드', 4.9, 12900, '월, 화, 수, 목, 금, 토, 일', '11:00', '21:00', '2026-01-29 05:58:44');

/*!40103 SET TIME_ZONE=IFNULL(@OLD_TIME_ZONE, 'system') */;
/*!40101 SET SQL_MODE=IFNULL(@OLD_SQL_MODE, '') */;
/*!40014 SET FOREIGN_KEY_CHECKS=IFNULL(@OLD_FOREIGN_KEY_CHECKS, 1) */;
/*!40101 SET CHARACTER_SET_CLIENT=@OLD_CHARACTER_SET_CLIENT */;
/*!40111 SET SQL_NOTES=IFNULL(@OLD_SQL_NOTES, 1) */;
